<?xml version="1.0" encoding="UTF-8" standalone="yes"?>
<addon id="script.theoath.metadata" version="1.0.1" name="TheOath Metadata" provider-name="theoath">
	<requires>
		<import addon="xbmc.python" version="2.19.0"/>
	</requires>
	<extension point="xbmc.python.module" library="lib" />
	<extension point="xbmc.addon.metadata">
		<summary>Metadata for the TheOath Addon</summary>
		<description>Metadata for TheOath are maintained separately to make distribution of the the addon itself easier/faster.</description>
		<platform>all</platform>
	</extension>
</addon>
